run,configuration,metric,numerator_min,numerator_max,denominator_min,denominator_max,percent_min,percent_max
A,qwen_omni_nonthinking,Acc0,22,22,48,48,45.833333333333336,45.833333333333336
A,qwen_omni_nonthinking,CAA_OC,9,9,22,22,40.90909090909091,40.90909090909091
A,qwen_omni_nonthinking,IPS_OC,21,21,22,22,95.45454545454545,95.45454545454545
A,qwen_omni_nonthinking,TextAcc,22,22,48,48,45.833333333333336,45.833333333333336
A,qwen_omni_nonthinking,AN,8,8,48,48,16.666666666666668,16.666666666666668
A,qwen_omni_nonthinking,CAA_AN,2,2,8,8,25.0,25.0
A,qwen_omni_nonthinking,IPS_AN,8,8,8,8,100.0,100.0
A,qwen_omni_nonthinking,SCG,2,2,48,48,4.166666666666667,4.166666666666667
A,qwen_omni_thinking,Acc0,20,20,48,48,41.666666666666664,41.666666666666664
A,qwen_omni_thinking,CAA_OC,10,10,20,20,50.0,50.0
A,qwen_omni_thinking,IPS_OC,15,15,20,20,75.0,75.0
A,qwen_omni_thinking,TextAcc,19,19,48,48,39.583333333333336,39.583333333333336
A,qwen_omni_thinking,AN,9,9,48,48,18.75,18.75
A,qwen_omni_thinking,CAA_AN,5,5,9,9,55.55555555555556,55.55555555555556
A,qwen_omni_thinking,IPS_AN,6,6,9,9,66.66666666666667,66.66666666666667
A,qwen_omni_thinking,SCG,2,2,48,48,4.166666666666667,4.166666666666667
A,gemini_302_flash,Acc0,20,20,48,48,41.666666666666664,41.666666666666664
A,gemini_302_flash,CAA_OC,6,6,20,20,30.0,30.0
A,gemini_302_flash,IPS_OC,11,11,20,20,55.0,55.0
A,gemini_302_flash,TextAcc,15,15,48,48,31.25,31.25
A,gemini_302_flash,AN,16,16,48,48,33.333333333333336,33.333333333333336
A,gemini_302_flash,CAA_AN,4,4,16,16,25.0,25.0
A,gemini_302_flash,IPS_AN,9,9,16,16,56.25,56.25
A,gemini_302_flash,SCG,2,2,48,48,4.166666666666667,4.166666666666667
A,gemini_302_pro,Acc0,28,28,48,48,58.333333333333336,58.333333333333336
A,gemini_302_pro,CAA_OC,13,13,28,28,46.42857142857143,46.42857142857143
A,gemini_302_pro,IPS_OC,23,23,28,28,82.14285714285714,82.14285714285714
A,gemini_302_pro,TextAcc,17,17,48,48,35.416666666666664,35.416666666666664
A,gemini_302_pro,AN,14,14,48,48,29.166666666666668,29.166666666666668
A,gemini_302_pro,CAA_AN,7,7,14,14,50.0,50.0
A,gemini_302_pro,IPS_AN,11,11,14,14,78.57142857142857,78.57142857142857
A,gemini_302_pro,SCG,5,5,48,48,10.416666666666666,10.416666666666666
B,qwen_omni_nonthinking,Acc0,22,22,48,48,45.833333333333336,45.833333333333336
B,qwen_omni_nonthinking,CAA_OC,9,9,22,22,40.90909090909091,40.90909090909091
B,qwen_omni_nonthinking,IPS_OC,21,21,22,22,95.45454545454545,95.45454545454545
B,qwen_omni_nonthinking,TextAcc,20,20,48,48,41.666666666666664,41.666666666666664
B,qwen_omni_nonthinking,AN,11,11,48,48,22.916666666666668,22.916666666666668
B,qwen_omni_nonthinking,CAA_AN,3,3,11,11,27.272727272727273,27.272727272727273
B,qwen_omni_nonthinking,IPS_AN,11,11,11,11,100.0,100.0
B,qwen_omni_nonthinking,SCG,3,3,48,48,6.25,6.25
B,qwen_omni_thinking,Acc0,20,20,48,48,41.666666666666664,41.666666666666664
B,qwen_omni_thinking,CAA_OC,10,10,20,20,50.0,50.0
B,qwen_omni_thinking,IPS_OC,15,15,20,20,75.0,75.0
B,qwen_omni_thinking,TextAcc,18,18,48,48,37.5,37.5
B,qwen_omni_thinking,AN,9,9,48,48,18.75,18.75
B,qwen_omni_thinking,CAA_AN,6,6,9,9,66.66666666666667,66.66666666666667
B,qwen_omni_thinking,IPS_AN,6,6,9,9,66.66666666666667,66.66666666666667
B,qwen_omni_thinking,SCG,3,3,48,48,6.25,6.25
B,gemini_302_flash,Acc0,20,20,48,48,41.666666666666664,41.666666666666664
B,gemini_302_flash,CAA_OC,6,6,20,20,30.0,30.0
B,gemini_302_flash,IPS_OC,11,11,20,20,55.0,55.0
B,gemini_302_flash,TextAcc,16,17,48,48,33.333333333333336,35.416666666666664
B,gemini_302_flash,AN,10,10,48,48,20.833333333333332,20.833333333333332
B,gemini_302_flash,CAA_AN,3,3,10,10,30.0,30.0
B,gemini_302_flash,IPS_AN,4,4,10,10,40.0,40.0
B,gemini_302_flash,SCG,0,0,48,48,0.0,0.0
B,gemini_302_pro,Acc0,28,28,48,48,58.333333333333336,58.333333333333336
B,gemini_302_pro,CAA_OC,13,13,28,28,46.42857142857143,46.42857142857143
B,gemini_302_pro,IPS_OC,23,23,28,28,82.14285714285714,82.14285714285714
B,gemini_302_pro,TextAcc,19,19,48,48,39.583333333333336,39.583333333333336
B,gemini_302_pro,AN,15,15,48,48,31.25,31.25
B,gemini_302_pro,CAA_AN,7,7,15,15,46.666666666666664,46.666666666666664
B,gemini_302_pro,IPS_AN,12,12,15,15,80.0,80.0
B,gemini_302_pro,SCG,4,4,48,48,8.333333333333334,8.333333333333334
C,qwen_omni_nonthinking,Acc0,22,22,48,48,45.833333333333336,45.833333333333336
C,qwen_omni_nonthinking,CAA_OC,10,10,22,22,45.45454545454545,45.45454545454545
C,qwen_omni_nonthinking,IPS_OC,21,21,22,22,95.45454545454545,95.45454545454545
C,qwen_omni_nonthinking,TextAcc,19,19,48,48,39.583333333333336,39.583333333333336
C,qwen_omni_nonthinking,AN,10,10,48,48,20.833333333333332,20.833333333333332
C,qwen_omni_nonthinking,CAA_AN,4,4,10,10,40.0,40.0
C,qwen_omni_nonthinking,IPS_AN,9,9,10,10,90.0,90.0
C,qwen_omni_nonthinking,SCG,3,3,48,48,6.25,6.25
C,qwen_omni_thinking,Acc0,22,22,48,48,45.833333333333336,45.833333333333336
C,qwen_omni_thinking,CAA_OC,12,12,22,22,54.54545454545455,54.54545454545455
C,qwen_omni_thinking,IPS_OC,18,18,22,22,81.81818181818181,81.81818181818181
C,qwen_omni_thinking,TextAcc,18,18,48,48,37.5,37.5
C,qwen_omni_thinking,AN,10,10,48,48,20.833333333333332,20.833333333333332
C,qwen_omni_thinking,CAA_AN,6,6,10,10,60.0,60.0
C,qwen_omni_thinking,IPS_AN,9,9,10,10,90.0,90.0
C,qwen_omni_thinking,SCG,6,6,48,48,12.5,12.5
C,gemini_302_flash,Acc0,19,19,48,48,39.583333333333336,39.583333333333336
C,gemini_302_flash,CAA_OC,4,4,19,19,21.05263157894737,21.05263157894737
C,gemini_302_flash,IPS_OC,7,7,19,19,36.8421052631579,36.8421052631579
C,gemini_302_flash,TextAcc,18,25,48,48,37.5,52.083333333333336
C,gemini_302_flash,AN,13,14,48,48,27.083333333333332,29.166666666666668
C,gemini_302_flash,CAA_AN,1,1,13,14,7.142857142857143,7.6923076923076925
C,gemini_302_flash,IPS_AN,5,6,13,14,38.46153846153846,42.857142857142854
C,gemini_302_flash,SCG,1,1,48,48,2.0833333333333335,2.0833333333333335
D,qwen_omni_nonthinking,Acc0,22,22,48,48,45.833333333333336,45.833333333333336
D,qwen_omni_nonthinking,CAA_OC,10,10,22,22,45.45454545454545,45.45454545454545
D,qwen_omni_nonthinking,IPS_OC,21,21,22,22,95.45454545454545,95.45454545454545
D,qwen_omni_nonthinking,TextAcc,19,19,48,48,39.583333333333336,39.583333333333336
D,qwen_omni_nonthinking,AN,10,10,48,48,20.833333333333332,20.833333333333332
D,qwen_omni_nonthinking,CAA_AN,4,4,10,10,40.0,40.0
D,qwen_omni_nonthinking,IPS_AN,9,9,10,10,90.0,90.0
D,qwen_omni_nonthinking,SCG,3,3,48,48,6.25,6.25
D,qwen_omni_thinking,Acc0,22,22,48,48,45.833333333333336,45.833333333333336
D,qwen_omni_thinking,CAA_OC,13,13,22,22,59.09090909090909,59.09090909090909
D,qwen_omni_thinking,IPS_OC,16,16,22,22,72.72727272727273,72.72727272727273
D,qwen_omni_thinking,TextAcc,18,18,48,48,37.5,37.5
D,qwen_omni_thinking,AN,10,10,48,48,20.833333333333332,20.833333333333332
D,qwen_omni_thinking,CAA_AN,7,7,10,10,70.0,70.0
D,qwen_omni_thinking,IPS_AN,7,7,10,10,70.0,70.0
D,qwen_omni_thinking,SCG,5,5,48,48,10.416666666666666,10.416666666666666
D,gemini_302_flash,Acc0,15,15,48,48,31.25,31.25
D,gemini_302_flash,CAA_OC,5,6,15,15,33.333333333333336,40.0
D,gemini_302_flash,IPS_OC,8,8,15,15,53.333333333333336,53.333333333333336
D,gemini_302_flash,TextAcc,16,27,48,48,33.333333333333336,56.25
D,gemini_302_flash,AN,6,8,48,48,12.5,16.666666666666668
D,gemini_302_flash,CAA_AN,1,2,6,8,14.285714285714286,28.571428571428573
D,gemini_302_flash,IPS_AN,2,4,6,8,33.333333333333336,50.0
D,gemini_302_flash,SCG,0,1,48,48,0.0,2.0833333333333335
